{
    "Name": "",
    "Description": "",
    "Owner": "owner",
    "Retention": 0,
    "StorageDescriptor": {
        "Columns": [],
        "Location": "",
        "InputFormat": "org.apache.hadoop.mapred.TextInputFormat",
        "OutputFormat": "org.apache.hadoop.hive.ql.io.HiveIgnoreKeyTextOutputFormat",
        "Compressed": false,
        "NumberOfBuckets": -1,
        "SerdeInfo": {
            "SerializationLibrary": "org.apache.hive.hcatalog.data.JsonSerDe",
            "Parameters": {
                "paths": ""
            }
        },
        "BucketColumns": [],
        "SortColumns": [],
        "StoredAsSubDirectories": false
    },
    "PartitionKeys": [],
    "TableType": "EXTERNAL_TABLE",
    "Parameters": {
        "classification": "json"
    }
}