{
    "Name": "",
    "Description": "",
    "Owner": "owner",
    "Retention": 0,
    "StorageDescriptor": {
        "Columns": [],
        "Location": "",
        "InputFormat": "org.apache.hadoop.hive.ql.io.parquet.MapredParquetInputFormat",
        "OutputFormat": "org.apache.hadoop.hive.ql.io.parquet.MapredParquetOutputFormat",
        "Compressed": true,
        "NumberOfBuckets": -1,
        "SerdeInfo": {
            "SerializationLibrary": "org.apache.hadoop.hive.ql.io.parquet.serde.ParquetHiveSerDe",
            "Parameters": {
                "serialization.format": "1"
            }
        },
        "BucketColumns": [],
        "SortColumns": [],
        "Parameters": {
            "classification": "parquet",
            "compressionType": "SNAPPY"
        },
        "StoredAsSubDirectories": false
    },
    "PartitionKeys": [],
    "TableType": "EXTERNAL_TABLE",
    "Parameters": {
        "classification": "parquet"
    }
}